﻿#,Country,Yearly Oil Production (Barrels per day)
1,United States,"14,837,639,510"
2,Saudi Arabia,"12,402,761,040"
3,Russia,"11,262,746,200"
4,China,"4,905,070,874"
5,Canada,"4,596,724,820"
6,Iraq,"4,443,457,393"
7,Iran,"4,376,194,355"
8,United Arab Emirates,"3,772,788,273"
9,Brazil,"3,242,957,836"
10,Kuwait,"2,990,544,137"
11,Mexico,"2,484,354,880"
12,Venezuela,"2,355,423,552"
13,Norway,"2,003,747,525"
14,Qatar,"1,987,192,978"
15,Nigeria,"1,938,542,727"
16,Angola,"1,796,742,754"
17,Algeria,"1,698,785,656"
18,Kazakhstan,"1,698,280,454"
19,United Kingdom,"1,083,928,369"
20,India,"1,016,370,639"
21,Oman,"1,015,511,568"
22,Indonesia,"945,637,219"
23,Colombia,"911,891,820"
24,Azerbaijan,"843,546,251"
25,Malaysia,"762,168,426"
26,Argentina,"708,770,148"
27,Egypt,"682,904,142"
28,Ecuador,"548,378,765"
29,Thailand,"531,328,590"
30,Libya,"499,396,792"
31,Australia,"373,728,372"
32,Vietnam,"313,632,727"
33,Turkmenistan,"266,426,689"
34,Equatorial Guinea,"244,000,000"
35,Germany,"211,888,432"
36,Gabon,"210,427,672"
37,Congo,"204,735,325"
38,South Sudan,"152,459,016"
39,Italy,"150,146,863"
40,Denmark,"145,673,612"
41,Peru,"141,447,560"
42,South Africa,"136,517,000"
43,France,"133,014,033"
44,Japan,"123,525,033"
45,Brunei,"121,034,388"
46,Chad,"114,000,000"
47,South Korea,"108,419,000"
48,Sudan,"107,852,585"
49,Ghana,"99,113,656"
50,Trinidad and Tobago,"97,725,609"
51,Romania,"96,469,836"
52,Cameroon,"92,469,000"
53,Pakistan,"88,261,732"
54,Bolivia,"77,634,869"
55,Spain,"71,782,667"
56,Uzbekistan,"71,470,568"
57,Netherlands,"70,128,432"
58,Turkey,"66,308,268"
59,Bahrain,"63,886,000"
60,Papua New Guinea,"56,074,803"
61,Ukraine,"55,832,437"
62,Poland,"53,366,825"
63,Co te d'Ivoire,"50,357,000"
64,Cuba,"49,737,333"
65,Timor-Leste,"49,237,705"
66,New Zealand,"43,906,776"
67,Singapore,"42,274,000"
68,Tunisia,"41,634,000"
69,Hungary,"36,018,333"
70,Syria,"34,601,667"
71,Philippines,"33,258,000"
72,Belarus,"32,583,667"
73,Taiwan,"29,504,000"
74,Austria,"29,415,202"
75,Belgium,"24,423,000"
76,Mongolia,"23,426,230"
77,Serbia,"23,150,000"
78,Albania,"22,817,634"
79,Yemen,"21,959,667"
80,DR Congo,"20,000,000"
81,Croatia,"18,527,967"
82,Suriname,"16,401,000"
83,Estonia,"16,000,000"
84,Greece,"15,748,131"
85,Myanmar,"15,634,000"
86,Czech Republic (Czechia),"15,586,333"
87,Niger,"13,497,000"
88,Portugal,"12,932,000"
89,Chile,"12,858,497"
90,Finland,"12,582,000"
91,Slovakia,"12,541,000"
92,Sweden,"12,411,000"
93,Guatemala,"12,032,702"
94,Lithuania,"10,336,000"
95,Israel,"5,977,000"
96,Bulgaria,"5,339,000"
97,Mauritania,"4,836,066"
98,Paraguay,"4,174,000"
99,Bangladesh,"4,105,000"
100,Uruguay,"2,217,000"
101,Belize,"2,000,000"
102,Costa Rica,"1,571,000"
103,Switzerland,"1,496,000"
104,Latvia,"1,059,000"
105,Barbados,"1,000,000"
106,Kyrgyzstan,"972,000"
107,Kenya,"824,000"
108,Zimbabwe,"819,000"
109,Eswatini,"775,000"
110,Jamaica,"707,000"
111,Malawi,"517,000"
112,Mauritius,"517,000"
113,Panama,"446,000"
114,Jordan,"403,000"
115,Georgia,"394,000"
116,Ethiopia,"354,000"
117,Ireland,"283,000"
118,Mozambique,"281,000"
119,Bosnia and Herzegovina,"248,000"
120,North Macedonia,"240,000"
121,Tajikistan,"173,000"
122,Zambia,"170,000"
123,Morocco,"160,000"
124,North Korea,"137,000"
125,Hong Kong,"100,000"
126,Cyprus,"10,000"
127,Slovenia,"5,000"
